{"cameraMode":{"drawMode":0,"name":"Shaded","section":"Shading Mode"},"sceneLighting":false,"audioPlay":false,"sceneViewState":{"showFog":false,"showMaterialUpdate":false,"showSkybox":false,"showFlares":false,"showImageEffects":false,"showParticleSystems":false},"in2DMode":false,"pivot":{"x":0.18908125162124635,"y":0.4628426432609558,"z":0.17960774898529054},"rotation":{"x":-0.004091492388397455,"y":-0.9784325361251831,"z":0.20731572806835175,"w":-0.018330853432416917},"size":1.344407320022583,"orthographic":false}