{"cameraMode":{"drawMode":0,"name":"Shaded","section":"Shading Mode"},"sceneLighting":false,"audioPlay":false,"sceneViewState":{"showFog":false,"showMaterialUpdate":false,"showSkybox":false,"showFlares":false,"showImageEffects":false,"showParticleSystems":false},"in2DMode":false,"pivot":{"x":0.46816563606262209,"y":0.5000000596046448,"z":-1.1920928955078126e-7},"rotation":{"x":0.06819634884595871,"y":-0.916965901851654,"z":0.3517400622367859,"w":0.17749494314193726},"size":2.923771619796753,"orthographic":false}