{"cameraMode":{"drawMode":0,"name":"Shaded","section":"Shading Mode"},"sceneLighting":false,"audioPlay":false,"sceneViewState":{"showFog":false,"showMaterialUpdate":false,"showSkybox":false,"showFlares":false,"showImageEffects":false,"showParticleSystems":false},"in2DMode":false,"pivot":{"x":0.6616888046264648,"y":0.5940685868263245,"z":-0.050249457359313968},"rotation":{"x":0.08930904418230057,"y":-0.5401021838188171,"z":0.05826564133167267,"w":0.8352182507514954},"size":2.124697685241699,"orthographic":false}