{"cameraMode":{"drawMode":0,"name":"Shaded","section":"Shading Mode"},"sceneLighting":false,"audioPlay":false,"sceneViewState":{"showFog":true,"showMaterialUpdate":false,"showSkybox":false,"showFlares":true,"showImageEffects":true,"showParticleSystems":true},"in2DMode":false,"pivot":{"x":-0.000005364418029785156,"y":0.9400789737701416,"z":0.0},"rotation":{"x":0.12517505884170533,"y":-0.8728426098823547,"z":0.29923999309539797,"w":0.3648626208305359},"size":5.60392951965332,"orthographic":false}