{"cameraMode":{"drawMode":0,"name":"Shaded","section":"Shading Mode"},"sceneLighting":true,"audioPlay":false,"sceneViewState":{"showFog":false,"showMaterialUpdate":false,"showSkybox":false,"showFlares":false,"showImageEffects":false,"showParticleSystems":false},"in2DMode":false,"pivot":{"x":8.22043514251709,"y":22.876707077026368,"z":23.760236740112306},"rotation":{"x":0.3540879487991333,"y":0.47121065855026247,"z":-0.21578989923000337,"w":0.7795127630233765},"size":26.636306762695314,"orthographic":false}