{"cameraMode":{"drawMode":0,"name":"Shaded","section":"Shading Mode"},"sceneLighting":false,"audioPlay":false,"sceneViewState":{"showFog":false,"showMaterialUpdate":false,"showSkybox":false,"showFlares":false,"showImageEffects":false,"showParticleSystems":false},"in2DMode":false,"pivot":{"x":-0.29110148549079897,"y":-0.27463921904563906,"z":0.647383451461792},"rotation":{"x":-0.18373990058898927,"y":-0.032011859118938449,"z":0.005852710921317339,"w":-0.982894241809845},"size":3.0221569538116457,"orthographic":false}