{"cameraMode":{"drawMode":0,"name":"Shaded","section":"Shading Mode"},"sceneLighting":false,"audioPlay":false,"sceneViewState":{"showFog":false,"showMaterialUpdate":false,"showSkybox":false,"showFlares":false,"showImageEffects":false,"showParticleSystems":false},"in2DMode":false,"pivot":{"x":1.2612707614898682,"y":-0.4767669439315796,"z":0.1582791805267334},"rotation":{"x":0.3855610489845276,"y":0.2614102363586426,"z":-0.11491935700178147,"w":0.8783023357391357},"size":4.230494499206543,"orthographic":false}