{"cameraMode":{"drawMode":0,"name":"Shaded","section":"Shading Mode"},"sceneLighting":false,"audioPlay":false,"sceneViewState":{"showFog":false,"showMaterialUpdate":false,"showSkybox":false,"showFlares":false,"showImageEffects":false,"showParticleSystems":false},"in2DMode":false,"pivot":{"x":6.74162947689183e-11,"y":0.48483288288116457,"z":0.9999990463256836},"rotation":{"x":-0.08600646257400513,"y":0.8928249478340149,"z":-0.19311022758483888,"w":-0.39775335788726809},"size":13.071737289428711,"orthographic":false}