{"cameraMode":{"drawMode":0,"name":"Shaded","section":"Shading Mode"},"sceneLighting":false,"audioPlay":false,"sceneViewState":{"showFog":false,"showMaterialUpdate":false,"showSkybox":false,"showFlares":false,"showImageEffects":false,"showParticleSystems":false},"in2DMode":false,"pivot":{"x":0.13328230381011964,"y":-0.42501965165138247,"z":0.34302377700805666},"rotation":{"x":-0.3486071527004242,"y":-0.44190895557403567,"z":0.19200947880744935,"w":-0.8042952418327332},"size":2.1941986083984377,"orthographic":false}