{"cameraMode":{"drawMode":0,"name":"Shaded","section":"Shading Mode"},"sceneLighting":false,"audioPlay":false,"sceneViewState":{"showFog":false,"showMaterialUpdate":false,"showSkybox":false,"showFlares":false,"showImageEffects":false,"showParticleSystems":false},"in2DMode":false,"pivot":{"x":0.08409246802330017,"y":-0.4535779654979706,"z":0.10181310772895813},"rotation":{"x":-0.0906684398651123,"y":-0.21708953380584718,"z":0.02020140364766121,"w":-0.9720130562782288},"size":2.650330066680908,"orthographic":false}