{"cameraMode":{"drawMode":0,"name":"Shaded","section":"Shading Mode"},"sceneLighting":false,"audioPlay":false,"sceneViewState":{"showFog":false,"showMaterialUpdate":false,"showSkybox":false,"showFlares":false,"showImageEffects":false,"showParticleSystems":false},"in2DMode":false,"pivot":{"x":0.33818602561950686,"y":0.6111698150634766,"z":-0.2071685791015625},"rotation":{"x":0.1215752512216568,"y":0.8691301941871643,"z":-0.3977111577987671,"w":0.2693677544593811},"size":3.26704740524292,"orthographic":false}