{"cameraMode":{"drawMode":0,"name":"Shaded","section":"Shading Mode"},"sceneLighting":false,"audioPlay":false,"sceneViewState":{"showFog":true,"showMaterialUpdate":false,"showSkybox":false,"showFlares":true,"showImageEffects":true,"showParticleSystems":true},"in2DMode":false,"pivot":{"x":-0.023506879806518556,"y":0.6570413112640381,"z":-0.19253301620483399},"rotation":{"x":0.08134609460830689,"y":-0.9178773760795593,"z":0.2913608253002167,"w":0.25817811489105227},"size":4.871435642242432,"orthographic":false}