{"cameraMode":{"drawMode":0,"name":"Shaded","section":"Shading Mode"},"sceneLighting":false,"audioPlay":false,"sceneViewState":{"showFog":false,"showMaterialUpdate":false,"showSkybox":false,"showFlares":false,"showImageEffects":false,"showParticleSystems":false},"in2DMode":false,"pivot":{"x":0.09889233112335205,"y":-0.537834644317627,"z":0.9329899549484253},"rotation":{"x":0.3508409261703491,"y":0.28796055912971499,"z":-0.1145925521850586,"w":0.8845767974853516},"size":4.230494499206543,"orthographic":false}