{"cameraMode":{"drawMode":0,"name":"Shaded","section":"Shading Mode"},"sceneLighting":false,"audioPlay":false,"sceneViewState":{"showFog":false,"showMaterialUpdate":false,"showSkybox":false,"showFlares":false,"showImageEffects":false,"showParticleSystems":false},"in2DMode":false,"pivot":{"x":-0.20232391357421876,"y":0.7238189578056336,"z":-0.23425328731536866},"rotation":{"x":0.028464997187256814,"y":-0.9519025087356567,"z":0.091875821352005,"w":0.29204174876213076},"size":2.8633737564086916,"orthographic":false}