{"cameraMode":{"drawMode":0,"name":"Shaded","section":"Shading Mode"},"sceneLighting":true,"audioPlay":false,"sceneViewState":{"showFog":false,"showMaterialUpdate":false,"showSkybox":false,"showFlares":false,"showImageEffects":false,"showParticleSystems":false},"in2DMode":false,"pivot":{"x":9.920166015625,"y":8.639771461486817,"z":14.089790344238282},"rotation":{"x":0.21560941636562348,"y":-0.7457461953163147,"z":0.2856040894985199,"w":0.5632137060165405},"size":16.527591705322267,"orthographic":false}