{"cameraMode":{"drawMode":2,"name":"Shaded Wireframe","section":"Shading Mode"},"sceneLighting":false,"audioPlay":false,"sceneViewState":{"showFog":false,"showMaterialUpdate":false,"showSkybox":false,"showFlares":false,"showImageEffects":false,"showParticleSystems":false},"in2DMode":false,"pivot":{"x":-2.9802322387695315e-8,"y":0.16184857487678529,"z":2.9802322387695315e-8},"rotation":{"x":0.06435355544090271,"y":-0.9290372729301453,"z":0.3089147210121155,"w":0.193707674741745},"size":3.48850154876709,"orthographic":false}