{"cameraMode":{"drawMode":0,"name":"Shaded","section":"Shading Mode"},"sceneLighting":true,"audioPlay":false,"sceneViewState":{"showFog":false,"showMaterialUpdate":false,"showSkybox":false,"showFlares":false,"showImageEffects":false,"showParticleSystems":false},"in2DMode":false,"pivot":{"x":28.928213119506837,"y":-3.100921630859375,"z":48.67591857910156},"rotation":{"x":-0.30450472235679629,"y":-0.6540918946266174,"z":0.3271613121032715,"w":-0.6107224822044373},"size":76.77787017822266,"orthographic":false}