{"cameraMode":{"drawMode":0,"name":"Shaded","section":"Shading Mode"},"sceneLighting":false,"audioPlay":false,"sceneViewState":{"showFog":false,"showMaterialUpdate":false,"showSkybox":false,"showFlares":false,"showImageEffects":false,"showParticleSystems":false},"in2DMode":false,"pivot":{"x":0.1421176940202713,"y":0.806640625,"z":0.04838204383850098},"rotation":{"x":0.049546707421541217,"y":-0.9219292402267456,"z":0.36331403255462649,"w":0.12756021320819856},"size":2.814846992492676,"orthographic":false}