{"cameraMode":{"drawMode":0,"name":"Shaded","section":"Shading Mode"},"sceneLighting":false,"audioPlay":false,"sceneViewState":{"showFog":false,"showMaterialUpdate":false,"showSkybox":false,"showFlares":false,"showImageEffects":false,"showParticleSystems":false},"in2DMode":false,"pivot":{"x":0.042147159576416019,"y":0.7046713829040527,"z":0.2363811731338501},"rotation":{"x":-0.13565894961357118,"y":-0.8542521595954895,"z":0.4208013117313385,"w":-0.27469542622566225},"size":2.333650588989258,"orthographic":false}