{"cameraMode":{"drawMode":0,"name":"Shaded","section":"Shading Mode"},"sceneLighting":true,"audioPlay":false,"sceneViewState":{"showFog":false,"showMaterialUpdate":false,"showSkybox":false,"showFlares":false,"showImageEffects":false,"showParticleSystems":false},"in2DMode":false,"pivot":{"x":18.720027923583986,"y":9.157638549804688,"z":35.142879486083987},"rotation":{"x":0.20742322504520417,"y":0.7750298976898193,"z":-0.3236295282840729,"w":0.5032402276992798},"size":71.60124969482422,"orthographic":false}