{"cameraMode":{"drawMode":0,"name":"Shaded","section":"Shading Mode"},"sceneLighting":false,"audioPlay":false,"sceneViewState":{"showFog":false,"showMaterialUpdate":false,"showSkybox":false,"showFlares":false,"showImageEffects":false,"showParticleSystems":false},"in2DMode":false,"pivot":{"x":0.4600963294506073,"y":0.11102329194545746,"z":0.115853451192379},"rotation":{"x":-0.3189451992511749,"y":-0.22902163863182069,"z":0.08052483201026917,"w":-0.9164508581161499},"size":1.655806064605713,"orthographic":false}