{"cameraMode":{"drawMode":0,"name":"Shaded","section":"Shading Mode"},"sceneLighting":false,"audioPlay":false,"sceneViewState":{"showFog":true,"showMaterialUpdate":false,"showSkybox":false,"showFlares":true,"showImageEffects":true,"showParticleSystems":true},"in2DMode":false,"pivot":{"x":-0.00028990357532165945,"y":0.3089445233345032,"z":-0.0035000001080334188},"rotation":{"x":0.39554598927497866,"y":0.5896108746528626,"z":-0.4046940505504608,"w":0.5763410329818726},"size":0.1347953975200653,"orthographic":false}