{"cameraMode":{"drawMode":2,"name":"Shaded Wireframe","section":"Shading Mode"},"sceneLighting":false,"audioPlay":false,"sceneViewState":{"showFog":false,"showMaterialUpdate":false,"showSkybox":false,"showFlares":false,"showImageEffects":false,"showParticleSystems":false},"in2DMode":false,"pivot":{"x":-0.059790387749671939,"y":-0.252127468585968,"z":-0.0919310450553894},"rotation":{"x":0.1767568290233612,"y":-0.7402305603027344,"z":0.21314147114753724,"w":0.6130543947219849},"size":1.4398504495620728,"orthographic":false}