{"cameraMode":{"drawMode":0,"name":"Shaded","section":"Shading Mode"},"sceneLighting":true,"audioPlay":false,"sceneViewState":{"showFog":false,"showMaterialUpdate":false,"showSkybox":false,"showFlares":false,"showImageEffects":false,"showParticleSystems":false},"in2DMode":false,"pivot":{"x":14.612533569335938,"y":27.363611221313478,"z":14.034295082092286},"rotation":{"x":0.2641347348690033,"y":0.2979061007499695,"z":-0.08702245354652405,"w":0.913626492023468},"size":68.19779968261719,"orthographic":false}