{"cameraMode":{"drawMode":2,"name":"Shaded Wireframe","section":"Shading Mode"},"sceneLighting":false,"audioPlay":false,"sceneViewState":{"showFog":false,"showMaterialUpdate":false,"showSkybox":false,"showFlares":false,"showImageEffects":false,"showParticleSystems":false},"in2DMode":false,"pivot":{"x":1.7881393432617188e-7,"y":0.44999998807907107,"z":-2.980232238769531e-7},"rotation":{"x":-0.004992377012968063,"y":-0.9779676795005798,"z":-0.024705925956368448,"w":0.2083863615989685},"size":1.4631266593933106,"orthographic":false}