{"cameraMode":{"drawMode":0,"name":"Shaded","section":"Shading Mode"},"sceneLighting":false,"audioPlay":false,"sceneViewState":{"showFog":false,"showMaterialUpdate":false,"showSkybox":false,"showFlares":false,"showImageEffects":false,"showParticleSystems":false},"in2DMode":false,"pivot":{"x":0.21237540245056153,"y":0.3667249083518982,"z":0.605950117111206},"rotation":{"x":0.21672523021697999,"y":-0.1787683218717575,"z":0.041076138615608218,"w":0.9593542814254761},"size":2.2918059825897219,"orthographic":false}