{"cameraMode":{"drawMode":0,"name":"Shaded","section":"Shading Mode"},"sceneLighting":false,"audioPlay":false,"sceneViewState":{"showFog":false,"showMaterialUpdate":false,"showSkybox":false,"showFlares":false,"showImageEffects":false,"showParticleSystems":false},"in2DMode":false,"pivot":{"x":0.13328230381011964,"y":-0.42501965165138247,"z":0.34302377700805666},"rotation":{"x":-0.2753995358943939,"y":-0.5077747106552124,"z":0.175728440284729,"w":-0.7975023984909058},"size":2.1941986083984377,"orthographic":false}