{"cameraMode":{"drawMode":0,"name":"Shaded","section":"Shading Mode"},"sceneLighting":false,"audioPlay":false,"sceneViewState":{"showFog":false,"showMaterialUpdate":false,"showSkybox":false,"showFlares":false,"showImageEffects":false,"showParticleSystems":false},"in2DMode":false,"pivot":{"x":-0.3006964325904846,"y":0.17140606045722962,"z":0.450703501701355},"rotation":{"x":-0.09316758066415787,"y":-0.8535531163215637,"z":0.16358980536460877,"w":-0.48676568269729617},"size":2.293469190597534,"orthographic":false}