{"cameraMode":{"drawMode":0,"name":"Shaded","section":"Shading Mode"},"sceneLighting":true,"audioPlay":false,"sceneViewState":{"showFog":false,"showMaterialUpdate":false,"showSkybox":false,"showFlares":false,"showImageEffects":false,"showParticleSystems":false},"in2DMode":false,"pivot":{"x":10.640905380249024,"y":26.239742279052736,"z":12.278609275817871},"rotation":{"x":-0.30053576827049258,"y":-0.2418099194765091,"z":0.08033411204814911,"w":-0.919552743434906},"size":64.86634826660156,"orthographic":false}