{"cameraMode":{"drawMode":0,"name":"Shaded","section":"Shading Mode"},"sceneLighting":true,"audioPlay":false,"sceneViewState":{"showFog":false,"showMaterialUpdate":false,"showSkybox":false,"showFlares":false,"showImageEffects":false,"showParticleSystems":false},"in2DMode":false,"pivot":{"x":21.269309997558595,"y":41.21145248413086,"z":16.785343170166017},"rotation":{"x":-0.27961117029190066,"y":-0.3395064175128937,"z":0.1077544093132019,"w":-0.892057478427887},"size":137.1699981689453,"orthographic":false}