{"cameraMode":{"drawMode":0,"name":"Shaded","section":"Shading Mode"},"sceneLighting":false,"audioPlay":false,"sceneViewState":{"showFog":false,"showMaterialUpdate":false,"showSkybox":false,"showFlares":false,"showImageEffects":false,"showParticleSystems":false},"in2DMode":false,"pivot":{"x":-1.8982175588607789,"y":-0.905775785446167,"z":1.04295814037323},"rotation":{"x":0.32419875264167788,"y":-0.3600297272205353,"z":0.13382160663604737,"w":0.8649746179580689},"size":8.14208984375,"orthographic":false}