{"cameraMode":{"drawMode":0,"name":"Shaded","section":"Shading Mode"},"sceneLighting":false,"audioPlay":false,"sceneViewState":{"showFog":false,"showMaterialUpdate":false,"showSkybox":false,"showFlares":false,"showImageEffects":false,"showParticleSystems":false},"in2DMode":false,"pivot":{"x":0.3489152193069458,"y":0.6382519006729126,"z":0.3442489504814148},"rotation":{"x":-0.062381088733673099,"y":0.9279736280441284,"z":-0.18538646399974824,"w":-0.3182258903980255},"size":1.5988738536834717,"orthographic":false}