{"cameraMode":{"drawMode":0,"name":"Shaded","section":"Shading Mode"},"sceneLighting":false,"audioPlay":false,"sceneViewState":{"showFog":false,"showMaterialUpdate":false,"showSkybox":false,"showFlares":false,"showImageEffects":false,"showParticleSystems":false},"in2DMode":false,"pivot":{"x":0.18908125162124635,"y":0.4628426432609558,"z":0.17960774898529054},"rotation":{"x":0.12106693536043167,"y":-0.8708133101463318,"z":0.2684345841407776,"w":0.39450696110725405},"size":2.124697685241699,"orthographic":false}