{"cameraMode":{"drawMode":0,"name":"Shaded","section":"Shading Mode"},"sceneLighting":false,"audioPlay":false,"sceneViewState":{"showFog":false,"showMaterialUpdate":false,"showSkybox":false,"showFlares":false,"showImageEffects":false,"showParticleSystems":false},"in2DMode":false,"pivot":{"x":-0.05769401788711548,"y":-0.05819970369338989,"z":0.02428215742111206},"rotation":{"x":0.14955377578735352,"y":-0.8460904955863953,"z":0.4074469208717346,"w":0.3104862868785858},"size":2.8633737564086916,"orthographic":false}