{"cameraMode":{"drawMode":0,"name":"Shaded","section":"Shading Mode"},"sceneLighting":true,"audioPlay":false,"sceneViewState":{"showFog":false,"showMaterialUpdate":false,"showSkybox":false,"showFlares":false,"showImageEffects":false,"showParticleSystems":false},"in2DMode":false,"pivot":{"x":10.542949676513672,"y":15.955191612243653,"z":6.1822052001953129},"rotation":{"x":0.32548072934150698,"y":-0.5731448531150818,"z":0.26322463154792788,"w":0.7050879597663879},"size":17.03162384033203,"orthographic":false}