{"cameraMode":{"drawMode":0,"name":"Shaded","section":"Shading Mode"},"sceneLighting":false,"audioPlay":false,"sceneViewState":{"showFog":false,"showMaterialUpdate":false,"showSkybox":false,"showFlares":false,"showImageEffects":false,"showParticleSystems":false},"in2DMode":false,"pivot":{"x":0.3351520299911499,"y":0.42953234910964968,"z":-0.18750107288360597},"rotation":{"x":0.06407744437456131,"y":-0.9231552481651306,"z":0.3367868661880493,"w":0.17588651180267335},"size":1.7787270545959473,"orthographic":false}