{"cameraMode":{"drawMode":0,"name":"Shaded","section":"Shading Mode"},"sceneLighting":false,"audioPlay":false,"sceneViewState":{"showFog":false,"showMaterialUpdate":false,"showSkybox":false,"showFlares":false,"showImageEffects":false,"showParticleSystems":false},"in2DMode":false,"pivot":{"x":-0.5626435875892639,"y":-0.1030350923538208,"z":0.6425093412399292},"rotation":{"x":-0.35053038597106936,"y":0.29369279742240908,"z":-0.11689765751361847,"w":-0.8821060657501221},"size":3.0221569538116457,"orthographic":false}