{"cameraMode":{"drawMode":0,"name":"Shaded","section":"Shading Mode"},"sceneLighting":true,"audioPlay":false,"sceneViewState":{"showFog":false,"showMaterialUpdate":false,"showSkybox":false,"showFlares":false,"showImageEffects":false,"showParticleSystems":false},"in2DMode":false,"pivot":{"x":9.547819137573243,"y":5.893024921417236,"z":7.905534744262695},"rotation":{"x":0.094094417989254,"y":-0.8959839940071106,"z":0.2228224128484726,"w":0.3734728991985321},"size":5.5668110847473148,"orthographic":false}