{"cameraMode":{"drawMode":0,"name":"Shaded","section":"Shading Mode"},"sceneLighting":true,"audioPlay":false,"sceneViewState":{"showFog":false,"showMaterialUpdate":false,"showSkybox":false,"showFlares":false,"showImageEffects":false,"showParticleSystems":false},"in2DMode":false,"pivot":{"x":10.542949676513672,"y":15.955191612243653,"z":6.1822052001953129},"rotation":{"x":0.3624109625816345,"y":-0.42524516582489016,"z":0.18965297937393189,"w":0.8079150915145874},"size":32.961002349853519,"orthographic":false}