{"cameraMode":{"drawMode":0,"name":"Shaded","section":"Shading Mode"},"sceneLighting":false,"audioPlay":false,"sceneViewState":{"showFog":false,"showMaterialUpdate":false,"showSkybox":false,"showFlares":false,"showImageEffects":false,"showParticleSystems":false},"in2DMode":false,"pivot":{"x":-0.8884279727935791,"y":0.0981118455529213,"z":0.5768072605133057},"rotation":{"x":-0.27263376116752627,"y":-0.19991792738437653,"z":0.05776648968458176,"w":-0.9398038983345032},"size":2.474764823913574,"orthographic":false}