{"cameraMode":{"drawMode":0,"name":"Shaded","section":"Shading Mode"},"sceneLighting":false,"audioPlay":false,"sceneViewState":{"showFog":false,"showMaterialUpdate":false,"showSkybox":false,"showFlares":false,"showImageEffects":false,"showParticleSystems":false},"in2DMode":false,"pivot":{"x":-0.18009358644485475,"y":0.39287763833999636,"z":-0.1314854621887207},"rotation":{"x":-0.25574830174446108,"y":-0.3957001268863678,"z":0.11423490941524506,"w":-0.8750011324882507},"size":1.5988738536834717,"orthographic":false}