{"cameraMode":{"drawMode":0,"name":"Shaded","section":"Shading Mode"},"sceneLighting":false,"audioPlay":false,"sceneViewState":{"showFog":false,"showMaterialUpdate":false,"showSkybox":false,"showFlares":false,"showImageEffects":false,"showParticleSystems":false},"in2DMode":false,"pivot":{"x":-0.5000001788139343,"y":0.0,"z":-0.0000013113021850585938},"rotation":{"x":0.18659107387065888,"y":-0.43859100341796877,"z":0.09248534590005875,"w":0.8746993541717529},"size":4.229621410369873,"orthographic":false}