{"cameraMode":{"drawMode":0,"name":"Shaded","section":"Shading Mode"},"sceneLighting":false,"audioPlay":false,"sceneViewState":{"showFog":false,"showMaterialUpdate":false,"showSkybox":false,"showFlares":false,"showImageEffects":false,"showParticleSystems":false},"in2DMode":false,"pivot":{"x":0.1421176940202713,"y":0.806640625,"z":0.04838204383850098},"rotation":{"x":0.05856268107891083,"y":-0.9410362839698792,"z":0.22925648093223573,"w":0.24317781627178193},"size":2.814846992492676,"orthographic":false}