{"cameraMode":{"drawMode":0,"name":"Shaded","section":"Shading Mode"},"sceneLighting":false,"audioPlay":false,"sceneViewState":{"showFog":false,"showMaterialUpdate":false,"showSkybox":false,"showFlares":false,"showImageEffects":false,"showParticleSystems":false},"in2DMode":false,"pivot":{"x":-0.18009358644485475,"y":0.39287763833999636,"z":-0.1314854621887207},"rotation":{"x":-0.17248153686523438,"y":-0.3789850175380707,"z":0.07161545008420944,"w":-0.9067137837409973},"size":1.6743528842926026,"orthographic":false}