{"cameraMode":{"drawMode":0,"name":"Shaded","section":"Shading Mode"},"sceneLighting":false,"audioPlay":false,"sceneViewState":{"showFog":false,"showMaterialUpdate":false,"showSkybox":false,"showFlares":false,"showImageEffects":false,"showParticleSystems":false},"in2DMode":false,"pivot":{"x":0.3426237106323242,"y":0.3342915177345276,"z":-0.23861026763916017},"rotation":{"x":0.04885563626885414,"y":-0.9025251269340515,"z":0.10639330744743347,"w":0.41528284549713137},"size":2.0237717628479006,"orthographic":false}