{"cameraMode":{"drawMode":0,"name":"Shaded","section":"Shading Mode"},"sceneLighting":false,"audioPlay":false,"sceneViewState":{"showFog":false,"showMaterialUpdate":false,"showSkybox":false,"showFlares":false,"showImageEffects":false,"showParticleSystems":false},"in2DMode":false,"pivot":{"x":-0.15558338165283204,"y":0.40461570024490359,"z":0.4440392851829529},"rotation":{"x":-0.14304645359516145,"y":0.8559780120849609,"z":-0.32541942596435549,"w":-0.37624892592430117},"size":1.6368131637573243,"orthographic":false}