{"cameraMode":{"drawMode":0,"name":"Shaded","section":"Shading Mode"},"sceneLighting":false,"audioPlay":false,"sceneViewState":{"showFog":false,"showMaterialUpdate":false,"showSkybox":false,"showFlares":false,"showImageEffects":false,"showParticleSystems":false},"in2DMode":false,"pivot":{"x":-0.22429323196411134,"y":0.8799570798873901,"z":0.4836021065711975},"rotation":{"x":-0.1669621616601944,"y":-0.7911883592605591,"z":0.24604101479053498,"w":-0.5350605845451355},"size":1.9269652366638184,"orthographic":false}