{"cameraMode":{"drawMode":0,"name":"Shaded","section":"Shading Mode"},"sceneLighting":false,"audioPlay":false,"sceneViewState":{"showFog":false,"showMaterialUpdate":false,"showSkybox":false,"showFlares":false,"showImageEffects":false,"showParticleSystems":false},"in2DMode":false,"pivot":{"x":2.9802322387695315e-8,"y":-2.9802322387695315e-8,"z":2.086162567138672e-7},"rotation":{"x":-0.08792568743228913,"y":0.9072381258010864,"z":-0.23463670909404756,"w":-0.33862704038619997},"size":2.857884645462036,"orthographic":false}