{"cameraMode":{"drawMode":2,"name":"Shaded Wireframe","section":"Shading Mode"},"sceneLighting":false,"audioPlay":false,"sceneViewState":{"showFog":false,"showMaterialUpdate":false,"showSkybox":false,"showFlares":false,"showImageEffects":false,"showParticleSystems":false},"in2DMode":false,"pivot":{"x":0.5909594297409058,"y":-0.5275932550430298,"z":0.672288715839386},"rotation":{"x":-0.15316735208034516,"y":-0.8322543501853943,"z":0.45219704508781435,"w":-0.2820151448249817},"size":2.9147980213165285,"orthographic":false}