{"cameraMode":{"drawMode":0,"name":"Shaded","section":"Shading Mode"},"sceneLighting":false,"audioPlay":false,"sceneViewState":{"showFog":false,"showMaterialUpdate":false,"showSkybox":false,"showFlares":false,"showImageEffects":false,"showParticleSystems":false},"in2DMode":false,"pivot":{"x":-0.18009358644485475,"y":0.39287763833999636,"z":-0.1314854621887207},"rotation":{"x":0.04315171763300896,"y":-0.9558421969413757,"z":0.21479448676109315,"w":0.19755575060844422},"size":2.5151422023773195,"orthographic":false}