{"cameraMode":{"drawMode":0,"name":"Shaded","section":"Shading Mode"},"sceneLighting":false,"audioPlay":false,"sceneViewState":{"showFog":false,"showMaterialUpdate":false,"showSkybox":false,"showFlares":false,"showImageEffects":false,"showParticleSystems":false},"in2DMode":false,"pivot":{"x":-0.5000001788139343,"y":0.0,"z":-0.0000013113021850585938},"rotation":{"x":0.342766135931015,"y":-0.5743471384048462,"z":0.28481605648994448,"w":0.687273383140564},"size":2.838651180267334,"orthographic":false}