{"cameraMode":{"drawMode":0,"name":"Shaded","section":"Shading Mode"},"sceneLighting":false,"audioPlay":false,"sceneViewState":{"showFog":false,"showMaterialUpdate":false,"showSkybox":false,"showFlares":false,"showImageEffects":false,"showParticleSystems":false},"in2DMode":false,"pivot":{"x":-0.1769445538520813,"y":0.5300251841545105,"z":0.4548608064651489},"rotation":{"x":-0.03390234336256981,"y":-0.9653462767601013,"z":0.15804897248744965,"w":-0.20652295649051667},"size":1.4971121549606324,"orthographic":false}