{"cameraMode":{"drawMode":0,"name":"Shaded","section":"Shading Mode"},"sceneLighting":false,"audioPlay":false,"sceneViewState":{"showFog":false,"showMaterialUpdate":false,"showSkybox":false,"showFlares":false,"showImageEffects":false,"showParticleSystems":false},"in2DMode":false,"pivot":{"x":0.1421176940202713,"y":0.806640625,"z":0.04838204383850098},"rotation":{"x":0.06379155069589615,"y":-0.9202359318733215,"z":0.1708155870437622,"w":0.34726327657699587},"size":2.814846992492676,"orthographic":false}