{"cameraMode":{"drawMode":0,"name":"Shaded","section":"Shading Mode"},"sceneLighting":false,"audioPlay":false,"sceneViewState":{"showFog":false,"showMaterialUpdate":false,"showSkybox":false,"showFlares":false,"showImageEffects":false,"showParticleSystems":false},"in2DMode":false,"pivot":{"x":-0.0000011324882507324219,"y":0.7520254850387573,"z":-2.5331974029541018e-7},"rotation":{"x":0.28367817401885989,"y":-0.4150939881801605,"z":0.13914553821086884,"w":0.8537545204162598},"size":3.4064273834228517,"orthographic":false}