{"cameraMode":{"drawMode":2,"name":"Shaded Wireframe","section":"Shading Mode"},"sceneLighting":false,"audioPlay":false,"sceneViewState":{"showFog":false,"showMaterialUpdate":false,"showSkybox":false,"showFlares":false,"showImageEffects":false,"showParticleSystems":false},"in2DMode":false,"pivot":{"x":0.4681663513183594,"y":-0.4498758018016815,"z":-5.3410687428367967e-8},"rotation":{"x":0.11443742364645004,"y":-0.8787606954574585,"z":0.261921763420105,"w":0.38284605741500857},"size":2.263746976852417,"orthographic":false}