{"cameraMode":{"drawMode":0,"name":"Shaded","section":"Shading Mode"},"sceneLighting":false,"audioPlay":false,"sceneViewState":{"showFog":false,"showMaterialUpdate":false,"showSkybox":false,"showFlares":false,"showImageEffects":false,"showParticleSystems":false},"in2DMode":false,"pivot":{"x":-0.154666006565094,"y":0.7985104322433472,"z":0.5576337575912476},"rotation":{"x":0.02755994163453579,"y":-0.9699916839599609,"z":0.20551425218582154,"w":0.12947878241539002},"size":2.166486978530884,"orthographic":false}