{"cameraMode":{"drawMode":0,"name":"Shaded","section":"Shading Mode"},"sceneLighting":true,"audioPlay":false,"sceneViewState":{"showFog":false,"showMaterialUpdate":false,"showSkybox":false,"showFlares":false,"showImageEffects":false,"showParticleSystems":false},"in2DMode":false,"pivot":{"x":4.873282432556152,"y":-1.6063547134399415,"z":26.324962615966798},"rotation":{"x":0.411599725484848,"y":-0.28169888257980349,"z":0.13663922250270844,"w":0.8568242788314819},"size":29.595829010009767,"orthographic":false}