{"cameraMode":{"drawMode":0,"name":"Shaded","section":"Shading Mode"},"sceneLighting":false,"audioPlay":false,"sceneViewState":{"showFog":false,"showMaterialUpdate":false,"showSkybox":false,"showFlares":false,"showImageEffects":false,"showParticleSystems":false},"in2DMode":false,"pivot":{"x":-0.0970875695347786,"y":0.05275111645460129,"z":0.02991201914846897},"rotation":{"x":-0.04260416328907013,"y":0.918244481086731,"z":-0.10196024179458618,"w":-0.3809848427772522},"size":2.3334522247314455,"orthographic":false}