{"cameraMode":{"drawMode":0,"name":"Shaded","section":"Shading Mode"},"sceneLighting":true,"audioPlay":false,"sceneViewState":{"showFog":false,"showMaterialUpdate":false,"showSkybox":false,"showFlares":false,"showImageEffects":false,"showParticleSystems":false},"in2DMode":false,"pivot":{"x":16.44515609741211,"y":37.68077850341797,"z":32.57041931152344},"rotation":{"x":0.3360575735569,"y":0.3571838140487671,"z":-0.13852813839912415,"w":0.8613322377204895},"size":131.04800415039063,"orthographic":false}