{"cameraMode":{"drawMode":0,"name":"Shaded","section":"Shading Mode"},"sceneLighting":true,"audioPlay":false,"sceneViewState":{"showFog":false,"showMaterialUpdate":false,"showSkybox":false,"showFlares":false,"showImageEffects":false,"showParticleSystems":false},"in2DMode":false,"pivot":{"x":23.096431732177736,"y":40.472930908203128,"z":15.995994567871094},"rotation":{"x":0.2267034351825714,"y":0.3039526045322418,"z":-0.07556109875440598,"w":0.9226646423339844},"size":74.90306854248047,"orthographic":false}