{"cameraMode":{"drawMode":0,"name":"Shaded","section":"Shading Mode"},"sceneLighting":true,"audioPlay":false,"sceneViewState":{"showFog":false,"showMaterialUpdate":false,"showSkybox":false,"showFlares":false,"showImageEffects":false,"showParticleSystems":false},"in2DMode":false,"pivot":{"x":14.082328796386719,"y":36.71686935424805,"z":25.405017852783204},"rotation":{"x":0.33128923177719118,"y":0.3569927215576172,"z":-0.13908682763576508,"w":0.8631923198699951},"size":76.00499725341797,"orthographic":false}