{"cameraMode":{"drawMode":0,"name":"Shaded","section":"Shading Mode"},"sceneLighting":false,"audioPlay":false,"sceneViewState":{"showFog":false,"showMaterialUpdate":false,"showSkybox":false,"showFlares":false,"showImageEffects":false,"showParticleSystems":false},"in2DMode":false,"pivot":{"x":5.960464477539063e-8,"y":0.16184866428375245,"z":-2.9802322387695315e-8},"rotation":{"x":0.1483665257692337,"y":-0.8393292427062988,"z":0.28235945105552676,"w":0.4404711425304413},"size":4.8196635246276859,"orthographic":false}