{"cameraMode":{"drawMode":0,"name":"Shaded","section":"Shading Mode"},"sceneLighting":false,"audioPlay":false,"sceneViewState":{"showFog":false,"showMaterialUpdate":false,"showSkybox":false,"showFlares":false,"showImageEffects":false,"showParticleSystems":false},"in2DMode":false,"pivot":{"x":-0.31307506561279299,"y":0.5284295082092285,"z":0.37728703022003176},"rotation":{"x":-0.07923799753189087,"y":-0.9150816798210144,"z":0.21985594928264619,"w":-0.32964909076690676},"size":2.145806074142456,"orthographic":false}