{"cameraMode":{"drawMode":2,"name":"Shaded Wireframe","section":"Shading Mode"},"sceneLighting":false,"audioPlay":false,"sceneViewState":{"showFog":false,"showMaterialUpdate":false,"showSkybox":false,"showFlares":false,"showImageEffects":false,"showParticleSystems":false},"in2DMode":false,"pivot":{"x":-0.0766599029302597,"y":0.07111746072769165,"z":-0.25312045216560366},"rotation":{"x":0.25300508737564089,"y":-0.16317082941532136,"z":0.043110962957143787,"w":0.9528571963310242},"size":1.915863275527954,"orthographic":false}