{"cameraMode":{"drawMode":0,"name":"Shaded","section":"Shading Mode"},"sceneLighting":false,"audioPlay":false,"sceneViewState":{"showFog":false,"showMaterialUpdate":false,"showSkybox":false,"showFlares":false,"showImageEffects":false,"showParticleSystems":false},"in2DMode":false,"pivot":{"x":-0.35821717977523806,"y":-0.12933503091335298,"z":0.4877225160598755},"rotation":{"x":0.06176800653338432,"y":-0.9385805726051331,"z":0.24644744396209718,"w":0.2348656952381134},"size":1.6220734119415284,"orthographic":false}