{"cameraMode":{"drawMode":0,"name":"Shaded","section":"Shading Mode"},"sceneLighting":false,"audioPlay":false,"sceneViewState":{"showFog":false,"showMaterialUpdate":false,"showSkybox":false,"showFlares":false,"showImageEffects":false,"showParticleSystems":false},"in2DMode":false,"pivot":{"x":0.045916393399238589,"y":0.09398782253265381,"z":0.5762356519699097},"rotation":{"x":0.27135369181632998,"y":-0.02858162298798561,"z":0.008806603029370308,"w":0.9625501036643982},"size":2.6422805786132814,"orthographic":false}