{"cameraMode":{"drawMode":0,"name":"Shaded","section":"Shading Mode"},"sceneLighting":false,"audioPlay":false,"sceneViewState":{"showFog":false,"showMaterialUpdate":false,"showSkybox":false,"showFlares":false,"showImageEffects":false,"showParticleSystems":false},"in2DMode":false,"pivot":{"x":0.18908125162124635,"y":0.4628426432609558,"z":0.17960774898529054},"rotation":{"x":0.12484664469957352,"y":-0.8513167500495911,"z":0.236139178276062,"w":0.45230385661125185},"size":2.124697685241699,"orthographic":false}