{"cameraMode":{"drawMode":0,"name":"Shaded","section":"Shading Mode"},"sceneLighting":false,"audioPlay":false,"sceneViewState":{"showFog":false,"showMaterialUpdate":false,"showSkybox":false,"showFlares":false,"showImageEffects":false,"showParticleSystems":false},"in2DMode":false,"pivot":{"x":-0.15558338165283204,"y":0.40461570024490359,"z":0.4440392851829529},"rotation":{"x":-0.34710249304771426,"y":0.4980092942714691,"z":-0.2274772673845291,"w":-0.7618336081504822},"size":2.970557928085327,"orthographic":false}