{"cameraMode":{"drawMode":0,"name":"Shaded","section":"Shading Mode"},"sceneLighting":true,"audioPlay":false,"sceneViewState":{"showFog":false,"showMaterialUpdate":false,"showSkybox":false,"showFlares":false,"showImageEffects":false,"showParticleSystems":false},"in2DMode":false,"pivot":{"x":4.083818435668945,"y":10.1491060256958,"z":4.099698543548584},"rotation":{"x":0.19380973279476167,"y":-0.7959237098693848,"z":0.32707133889198305,"w":0.4726623296737671},"size":21.634998321533204,"orthographic":false}