{"cameraMode":{"drawMode":0,"name":"Shaded","section":"Shading Mode"},"sceneLighting":false,"audioPlay":false,"sceneViewState":{"showFog":false,"showMaterialUpdate":false,"showSkybox":false,"showFlares":false,"showImageEffects":false,"showParticleSystems":false},"in2DMode":false,"pivot":{"x":-0.5626435875892639,"y":-0.1030350923538208,"z":0.6425093412399292},"rotation":{"x":-0.24836425483226777,"y":0.3414718210697174,"z":-0.09439007937908173,"w":-0.9020590782165527},"size":3.0221569538116457,"orthographic":false}