{"cameraMode":{"drawMode":0,"name":"Shaded","section":"Shading Mode"},"sceneLighting":false,"audioPlay":false,"sceneViewState":{"showFog":false,"showMaterialUpdate":false,"showSkybox":false,"showFlares":false,"showImageEffects":false,"showParticleSystems":false},"in2DMode":false,"pivot":{"x":0.46816563606262209,"y":0.5000000596046448,"z":-1.1920928955078126e-7},"rotation":{"x":0.111402228474617,"y":-0.8877622485160828,"z":0.3420025408267975,"w":0.28843191266059878},"size":2.192448139190674,"orthographic":false}