{"cameraMode":{"drawMode":0,"name":"Shaded","section":"Shading Mode"},"sceneLighting":false,"audioPlay":false,"sceneViewState":{"showFog":false,"showMaterialUpdate":false,"showSkybox":false,"showFlares":false,"showImageEffects":false,"showParticleSystems":false},"in2DMode":false,"pivot":{"x":-0.5000008344650269,"y":0.5,"z":0.5000003576278687},"rotation":{"x":0.060899000614881518,"y":-0.9345270395278931,"z":0.19667792320251466,"w":0.2914620637893677},"size":1.9269652366638184,"orthographic":false}