{"cameraMode":{"drawMode":0,"name":"Shaded","section":"Shading Mode"},"sceneLighting":false,"audioPlay":false,"sceneViewState":{"showFog":false,"showMaterialUpdate":false,"showSkybox":false,"showFlares":false,"showImageEffects":false,"showParticleSystems":false},"in2DMode":false,"pivot":{"x":0.014679265208542347,"y":0.6672447919845581,"z":0.8052071928977966},"rotation":{"x":-0.3450482189655304,"y":-0.2093275636434555,"z":0.07907544076442719,"w":-0.9116345047950745},"size":7.801545143127441,"orthographic":false}