{"cameraMode":{"drawMode":0,"name":"Shaded","section":"Shading Mode"},"sceneLighting":false,"audioPlay":false,"sceneViewState":{"showFog":false,"showMaterialUpdate":false,"showSkybox":false,"showFlares":false,"showImageEffects":false,"showParticleSystems":false},"in2DMode":false,"pivot":{"x":0.43633121252059939,"y":0.5000000596046448,"z":2.9802322387695315e-8},"rotation":{"x":0.30603957176208498,"y":0.33027487993240359,"z":-0.11481858044862747,"w":0.8864254355430603},"size":2.3334527015686037,"orthographic":false}