{"cameraMode":{"drawMode":0,"name":"Shaded","section":"Shading Mode"},"sceneLighting":true,"audioPlay":false,"sceneViewState":{"showFog":false,"showMaterialUpdate":false,"showSkybox":false,"showFlares":false,"showImageEffects":false,"showParticleSystems":false},"in2DMode":false,"pivot":{"x":18.13530731201172,"y":-12.999574661254883,"z":84.3280029296875},"rotation":{"x":-0.30450472235679629,"y":-0.6540918946266174,"z":0.3271613121032715,"w":-0.6107224822044373},"size":48.69261169433594,"orthographic":false}