{"cameraMode":{"drawMode":2,"name":"Shaded Wireframe","section":"Shading Mode"},"sceneLighting":false,"audioPlay":false,"sceneViewState":{"showFog":false,"showMaterialUpdate":false,"showSkybox":false,"showFlares":false,"showImageEffects":false,"showParticleSystems":false},"in2DMode":false,"pivot":{"x":-0.00006730151653755456,"y":0.4400003254413605,"z":0.00007076000474626198},"rotation":{"x":0.0991336852312088,"y":-0.8517704010009766,"z":0.17369171977043153,"w":0.4847370684146881},"size":1.2688021659851075,"orthographic":false}