{"cameraMode":{"drawMode":0,"name":"Shaded","section":"Shading Mode"},"sceneLighting":false,"audioPlay":false,"sceneViewState":{"showFog":false,"showMaterialUpdate":false,"showSkybox":false,"showFlares":false,"showImageEffects":false,"showParticleSystems":false},"in2DMode":false,"pivot":{"x":-0.11497431993484497,"y":0.3351544737815857,"z":-0.021664753556251527},"rotation":{"x":-0.024695023894309999,"y":-0.9747399687767029,"z":0.17259691655635835,"w":-0.14162589609622956},"size":2.3614397048950197,"orthographic":false}