{"cameraMode":{"drawMode":2,"name":"Shaded Wireframe","section":"Shading Mode"},"sceneLighting":false,"audioPlay":false,"sceneViewState":{"showFog":false,"showMaterialUpdate":false,"showSkybox":false,"showFlares":false,"showImageEffects":false,"showParticleSystems":false},"in2DMode":false,"pivot":{"x":1.1920928955078126e-7,"y":0.4499620795249939,"z":-5.960464477539063e-8},"rotation":{"x":0.03567231819033623,"y":-0.9205658435821533,"z":0.08608835935592652,"w":0.37993690371513369},"size":2.768801212310791,"orthographic":false}