{"cameraMode":{"drawMode":0,"name":"Shaded","section":"Shading Mode"},"sceneLighting":false,"audioPlay":false,"sceneViewState":{"showFog":false,"showMaterialUpdate":false,"showSkybox":false,"showFlares":false,"showImageEffects":false,"showParticleSystems":false},"in2DMode":false,"pivot":{"x":-0.05769401788711548,"y":-0.05819970369338989,"z":0.02428215742111206},"rotation":{"x":0.019310778006911279,"y":-0.9784290790557861,"z":0.10486982017755509,"w":0.17875926196575166},"size":2.394495725631714,"orthographic":false}