{"cameraMode":{"drawMode":0,"name":"Shaded","section":"Shading Mode"},"sceneLighting":false,"audioPlay":false,"sceneViewState":{"showFog":false,"showMaterialUpdate":false,"showSkybox":false,"showFlares":false,"showImageEffects":false,"showParticleSystems":false},"in2DMode":false,"pivot":{"x":0.07601745426654816,"y":0.43297916650772097,"z":0.38260212540626528},"rotation":{"x":0.22058641910552979,"y":0.44525155425071719,"z":-0.11388302594423294,"w":0.860633134841919},"size":1.9194883108139039,"orthographic":false}