{"cameraMode":{"drawMode":2,"name":"Shaded Wireframe","section":"Shading Mode"},"sceneLighting":false,"audioPlay":false,"sceneViewState":{"showFog":false,"showMaterialUpdate":false,"showSkybox":false,"showFlares":false,"showImageEffects":false,"showParticleSystems":false},"in2DMode":false,"pivot":{"x":0.16076967120170594,"y":0.10172593593597412,"z":0.6080808639526367},"rotation":{"x":-0.2871953248977661,"y":-0.5287184715270996,"z":0.19616198539733888,"w":-0.7743353843688965},"size":1.0466372966766358,"orthographic":false}