{"cameraMode":{"drawMode":0,"name":"Shaded","section":"Shading Mode"},"sceneLighting":false,"audioPlay":false,"sceneViewState":{"showFog":true,"showMaterialUpdate":false,"showSkybox":false,"showFlares":true,"showImageEffects":true,"showParticleSystems":true},"in2DMode":false,"pivot":{"x":0.09055358171463013,"y":0.36212384700775149,"z":0.13467061519622804},"rotation":{"x":-0.3587600290775299,"y":0.040489561855793,"z":-0.016407901421189309,"w":-0.9327645301818848},"size":2.458963394165039,"orthographic":false}